{
    "description": "This is a model for depth-1 QAOA on random regular graphs up to degree 9.",
    "beta1": {
        "degree": {
            "3": {
                "-1": -0.20716087, 
                "-2": -0.094972, 
                "0": 0.39203969
            },
            "4": {
                "-1": -0.30979877,
                "-2": -1.34018212,
                "0": 0.39150035
            },
            "5": {
                "-1": -0.47044392, 
                "-2": -2.41688631,  
                "0": 0.39090211
            },
            "6": {
                "-1": -0.77388926,
                "-2": -2.09157641,
                "0": 0.39190607
            },
            "7": {
                "-1": -1.10435013,
                "-2": -1.81538823,  
                "0": 0.3929141
            },
            "8": {
                "-1": -1.52122794, 
                "-2": -0.40895686,
                "0": 0.39495656
            },
            "9": {
                "-1": -1.96589338,  
                "-2": 1.73817619,
                "0": 0.39606221
            }
        }
    },
    "gamma1": {
        "degree": {
            "3": {
                "-1": -0.18964586, 
                "-2": -0.26096851, 
                "0": 0.61477186
            },
            "4": {
                "-1": -0.16695129,
                "-2": -1.22350016,
                "0": 0.52275153
            },
            "5": {
                "-1": -0.14572804, 
                "-2": -2.16127693,  
                "0": 0.46243436
            },
            "6": {
                "-1": -0.1559097,
                "-2": -2.83907368,
                "0": 0.41949234
            },
            "7": {
                "-1": -0.10108066,
                "-2": -4.68558208,
                "0": 0.38598516
            },
            "8": {
                "-1": -0.04619915, 
                "-2": -6.70121165,
                "0": 0.35930322
            },
            "9": {
                "-1": -0.02049436,
                "-2": -8.41157992,
                "0": 0.33753036
            }
        }
    }
}
